<?xml version="1.0" encoding="UTF-8"?>
<beans xmlns="http://www.springframework.org/schema/beans" xmlns:xsi="http://www.w3.org/2001/XMLSchema-instance"
    xmlns:context="http://www.springframework.org/schema/context" xmlns:aop="http://www.springframework.org/schema/aop"
    xmlns:tx="http://www.springframework.org/schema/tx" xmlns:p="http://www.springframework.org/schema/p"
    xsi:schemaLocation="http://www.springframework.org/schema/beans
        http://www.springframework.org/schema/beans/spring-beans-2.5.xsd
        http://www.springframework.org/schema/tx
        http://www.springframework.org/schema/tx/spring-tx-2.5.xsd
        http://www.springframework.org/schema/aop
        http://www.springframework.org/schema/aop/spring-aop-2.5.xsd
        http://www.springframework.org/schema/context
        http://www.springframework.org/schema/context/spring-context-2.5.xsd">

    <context:component-scan base-package="judge" />

    <bean id="propertyConfigurer" class="org.springframework.beans.factory.config.PropertyPlaceholderConfigurer">
        <property name="location">
            <value>classpath:config.properties</value>
        </property>
    </bean>

    <bean id="configProperties" class="org.springframework.beans.factory.config.PropertiesFactoryBean">
        <property name="location">
            <value>classpath:config.properties</value>
        </property>
    </bean>

    <!-- datasource, don't direct use jdbc config in hibernate.cfg.xml -->
    <bean id="dataSource" class="org.apache.tomcat.jdbc.pool.DataSource" destroy-method="close">
        <property name="driverClassName" value="${jdbc.driverClassName}" />
        <property name="url" value="${jdbc.url}" />
        <property name="username" value="${jdbc.username}" />
        <property name="password" value="${jdbc.password}" />
        <property name="initialSize" value="5" />
        <property name="maxActive" value="10" />
        <property name="maxIdle" value="5" />
        <property name="minIdle" value="2" />
    </bean>

    <bean id="sessionFactory" class="org.springframework.orm.hibernate3.LocalSessionFactoryBean">
        <property name="dataSource">
            <ref bean="dataSource" />
        </property>
        <property name="hibernateProperties">
            <props>
                <prop key="hibernate.dialect">
                    org.hibernate.dialect.MySQLDialect
                </prop>

                <!--<prop key="hibernate.query.factory_class"> org.hibernate.hql.classic.ClassicQueryTranslatorFactory </prop> -->
                <!--<prop key="hibernate.show_sql">true</prop>-->
                <!--<prop key="hibernate.format_sql">true</prop>-->
            </props>
        </property>
        <property name="mappingResources">
            <list>
                <value>judge/bean/Contest.hbm.xml</value>
                <value>judge/bean/Cproblem.hbm.xml</value>
                <value>judge/bean/Problem.hbm.xml</value>
                <value>judge/bean/Submission.hbm.xml</value>
                <value>judge/bean/User.hbm.xml</value>
                <value>judge/bean/Description.hbm.xml</value>
                <value>judge/bean/ReplayStatus.hbm.xml</value>
                <value>judge/bean/UserSession.hbm.xml</value>
            </list>
        </property>
    </bean>

    <bean id="sessionCleaner" class="judge.tool.SessionCleaner" />

    <bean id="sessionCleanerJobDetail" class="org.springframework.scheduling.quartz.MethodInvokingJobDetailFactoryBean">
        <property name="targetObject">
            <ref bean="sessionCleaner" />
        </property>
        <property name="targetMethod">
            <value>clean</value>
        </property>
    </bean>

    <bean id="sessionCleanerTriggerBean" class="org.springframework.scheduling.quartz.CronTriggerBean">
        <property name="jobDetail">
            <ref bean="sessionCleanerJobDetail" />
        </property>
        <property name="cronExpression">
            <value>0 * * * * ?</value>
        </property>
    </bean>

    <bean id="tempFileCleaner" class="judge.tool.TempFileCleaner" />

    <bean id="tempFileCleanerJobDetail" class="org.springframework.scheduling.quartz.MethodInvokingJobDetailFactoryBean">
        <property name="targetObject">
            <ref bean="tempFileCleaner" />
        </property>
        <property name="targetMethod">
            <value>clean</value>
        </property>
    </bean>

    <bean id="tempFileCleanerTriggerBean" class="org.springframework.scheduling.quartz.CronTriggerBean">
        <property name="jobDetail">
            <ref bean="tempFileCleanerJobDetail" />
        </property>
        <property name="cronExpression">
            <value>0 0 3 * * ?</value>
        </property>
    </bean>

    <bean id="schedulerFactoryBean" class="org.springframework.scheduling.quartz.SchedulerFactoryBean">
        <property name="triggers">
            <list>
                <ref bean="sessionCleanerTriggerBean" />
                <ref bean="tempFileCleanerTriggerBean" />
            </list>
        </property>
    </bean>


    <!-- 配置Dao -->
    <bean id="baseDao" class="judge.dao.BaseDao">
        <property name="sessionFactory">
            <ref bean="sessionFactory" />
        </property>
    </bean>


    <!-- 配置Service -->
    <bean id="baseService" class="judge.service.BaseService">
        <property name="baseDao" ref="baseDao" />
    </bean>

    <bean id="userService" class="judge.service.UserService" />

    <bean id="judgeService" class="judge.service.JudgeService" />

    <bean id="forbiddenVisitorRuler" class="judge.tool.ForbiddenVisitorRuler">
        <constructor-arg value="classpath:forbiddenVisitorRules.xml" />
    </bean>

    <bean id="autoLoginManager" class="judge.service.AutoLoginManager">
    </bean>


    <!-- 配置Action部分 -->
    <!-- 主配置文件struts.xml -->
    <bean id="userAction" class="judge.action.UserAction" scope="prototype">
        <property name="userService" ref="userService" />
        <property name="autoLoginManager" ref="autoLoginManager" />
    </bean>

    <bean id="problemAction" class="judge.action.ProblemAction" scope="prototype">
        <property name="baseService" ref="baseService" />
        <property name="judgeService" ref="judgeService" />
    </bean>

    <bean id="contestAction" class="judge.action.ContestAction" scope="prototype">
        <property name="baseService" ref="baseService" />
        <property name="judgeService" ref="judgeService" />
    </bean>

    <bean id="mainAction" class="judge.action.MainAction" scope="prototype">
    </bean>

    <bean id="statAction" class="judge.action.StatAction" scope="prototype">
    </bean>

    <!-- Interceptor -->
    <bean id="autoLoginInterceptor" class="judge.interceptor.AutoLoginInterceptor">
        <property name="userService" ref="userService" />
        <property name="autoLoginManager" ref="autoLoginManager" />
    </bean>


    <bean id="multipleProxyHttpClientFactory" class="judge.httpclient.MultipleProxyHttpClientFactory">
        <constructor-arg value="${httpClientConfig.location}" />
    </bean>

    <bean id="remoteAccountTaskExecutorFactory" class="judge.remote.account.RemoteAccountTaskExecutorFactory">
        <constructor-arg value="${remoteAccountsConfig.location}" />
    </bean>

    <bean id="remoteAccountTaskExecutor" factory-bean="remoteAccountTaskExecutorFactory" factory-method="create"
        init-method="init" />

</beans>