<?xml version="1.0" encoding="UTF-8" ?>
<!DOCTYPE struts PUBLIC "-//Apache Software Foundation//DTD Struts Configuration 2.3//EN" "http://struts.apache.org/dtds/struts-2.3.dtd">

<struts>
	<package name="stat" extends="default"  namespace="/stat">

	    <!-- 查看在线用户 -->
        <action name="listOL" class="statAction" method="listOnlineUsers">
	        <result name="success">/stat/listOnlineUsers.jsp</result>
			<result name="error" type="redirect">/toIndex.action</result>
	    </action>

	    <!-- 查看session详情 -->
        <action name="viewOL" class="statAction" method="viewOL">
	        <result name="success">/stat/viewOL.jsp</result>
			<result name="error" type="redirect">/toIndex.action</result>
	    </action>

	</package>
</struts>
