<?xml version="1.0" encoding="UTF-8" ?>
<!DOCTYPE struts PUBLIC "-//Apache Software Foundation//DTD Struts Configuration 2.3//EN" "http://struts.apache.org/dtds/struts-2.3.dtd">

<struts>
	<package name="problem" extends="default" namespace="/problem">

		<!-- 罗列题目 -->
		<action name="toListProblem" class="problemAction" method="toListProblem">
			<result name="success">/problem/list.jsp</result>
		</action>

		<action name="listProblem" class="problemAction" method="listProblem">
			<result type="json">
				<param name="root">dataTablesPage</param>
				<param name="noCache">true</param>
				<param name="excludeNullProperties">false</param>
				<param name="contentType">application/json-rpc</param>
			</result>
		</action>

		<!-- 添加题目 -->
		<action name="recrawlProblem" class="problemAction" method="recrawlProblem">
			<result name="success" type="redirectAction">
				<param name="actionName">viewProblem</param>
				<param name="namespace">/problem</param>
                <param name="OJId">${OJId}</param>
                <param name="probNum">${probNum}</param>
			</result>
		</action>

		<!-- 显示题目 -->
		<action name="viewProblem" class="problemAction" method="viewProblem">
			<result name="success">/problem/view.jsp</result>
			<result name="error" type="redirect">toListProblem.action</result>
		</action>

		<!-- 为描述投票 -->
		<action name="vote4Description" class="problemAction" method="vote4Description">
		</action>

		<!-- 显示提交 -->
		<action name="status" class="problemAction" method="status">
			<result name="success">/problem/status.jsp</result>
			<result name="input">/problem/status.jsp</result>
		</action>

		<action name="fetchStatus" class="problemAction" method="fetchStatus">
			<result type="json">
				<param name="root">dataTablesPage</param>
				<param name="noCache">true</param>
				<param name="excludeNullProperties">false</param>
				<param name="contentType">application/json-rpc</param>
			</result>
		</action>

		<!-- 进入非比赛提交页面 -->
		<action name="toSubmit" class="problemAction" method="toSubmit">
			<result name="success">/problem/submit.jsp</result>
			<result name="error" type="redirect">/toIndex.action</result>
		</action>

		<!-- 非比赛中的提交 -->
		<action name="submit" class="problemAction" method="submit">
			<result name="success" type="redirect">status.action</result>
			<result name="error" type="redirect">/toIndex.action</result>
			<result name="input">/problem/submit.jsp</result>
		</action>

		<!-- 进入修改题面页面 -->
		<action name="toEditDescription" class="problemAction" method="toEditDescription">
			<result name="success">/problem/edit_description.jsp</result>
			<result name="login" type="redirect">/toIndex.action</result>
		</action>

		<!-- 修改题面 -->
        <action name="editDescription" class="problemAction" method="editDescription">
            <result name="success" type="redirect">${redir}</result>
        </action>

		<!-- 删除题面 -->
		<action name="deleteDescription" class="problemAction" method="deleteDescription">
		</action>

		<!-- 查看代码 -->
		<action name="viewSource" class="problemAction" method="viewSource">
			<result name="success">/problem/source.jsp</result>
			<result name="error" type="redirect">status.action</result>
		</action>

		<!-- 重判代码 -->
		<action name="rejudge" class="problemAction" method="rejudge">
			<result name="success" type="httpheader">
				<param name="status">200</param>
			</result>
		</action>

		<!-- 切花代码公开性 -->
		<action name="toggleOpen" class="problemAction" method="toggleOpen">
		</action>

		<!-- 获取提交信息 -->
		<action name="fetchSubmissionInfo" class="problemAction" method="fetchSubmissionInfo">
			<result type="json">
				<param name="root">submissionInfo</param>
				<param name="noCache">true</param>
				<param name="excludeNullProperties">true</param>
				<param name="contentType">application/json-rpc</param>
			</result>
		</action>

        <action name="visitOriginUrl" class="problemAction" method="visitOriginUrl">
            <result name="success" type="redirect">${redir}</result>
        </action>

    </package>
</struts>