<?xml version="1.0" encoding="UTF-8"?>
<!DOCTYPE hibernate-mapping PUBLIC "-//Hibernate/Hibernate Mapping DTD 3.0//EN"
"http://www.hibernate.org/dtd/hibernate-mapping-3.0.dtd">
<!--
    Mapping file autogenerated by MyEclipse Persistence Tools
-->
<hibernate-mapping>
    <class name="judge.bean.Contest" table="t_contest">
        <id name="id" type="java.lang.Integer">
            <column name="C_ID"/>
            <generator class="native" />
        </id>
        <property name="title" type="java.lang.String">
            <column name="C_TITLE" />
        </property>
        <property name="description" type="java.lang.String">
            <column name="C_DESCRIPTION" />
        </property>
        <property name="announcement" type="java.lang.String">
            <column name="C_ANNOUNCEMENT" />
        </property>
        <property name="password" type="java.lang.String">
            <column name="C_PASSWORD" />
        </property>
        <property name="beginTime" type="java.sql.Timestamp">
            <column name="C_BEGINTIME" />
        </property>
        <property name="endTime" type="java.sql.Timestamp">
            <column name="C_ENDTIME" />
        </property>
        <property name="hashCode" type="java.lang.String">
            <column name="C_HASH_CODE" />
        </property>
        <property name="enableTimeMachine" type="java.lang.Integer">
            <column name="C_ENABLE_TIME_MACHINE" />
        </property>

        <many-to-one name="manager" class="judge.bean.User" fetch="select">
            <column name="C_MANAGER_ID" />
        </many-to-one>
        <many-to-one name="replayStatus" class="judge.bean.ReplayStatus" fetch="select">
            <column name="C_REPLAY_STATUS_ID" />
        </many-to-one>
        <set name="cproblems" lazy="true" inverse="true">
            <key>
                <column name="C_CONTEST_ID" />
            </key>
            <one-to-many class="judge.bean.Cproblem" />
        </set>
        <set name="submissions" lazy="true" inverse="true">
            <key>
                <column name="C_CONTEST_ID" />
            </key>
            <one-to-many class="judge.bean.Submission" />
        </set>

    </class>
</hibernate-mapping>
