<?xml version="1.0" encoding="UTF-8"?>
<!DOCTYPE hibernate-mapping PUBLIC "-//Hibernate/Hibernate Mapping DTD 3.0//EN"
"http://www.hibernate.org/dtd/hibernate-mapping-3.0.dtd">
<!--
    Mapping file autogenerated by MyEclipse Persistence Tools
-->
<hibernate-mapping>
    <class name="judge.bean.Cproblem" table="t_cproblem">
        <id name="id" type="java.lang.Integer">
            <column name="C_ID"/>
            <generator class="native" />
        </id>

        <property name="num" type="java.lang.String">
            <column name="C_NUM" />
        </property>
        <property name="title" type="java.lang.String">
            <column name="C_TITLE" />
        </property>

        <many-to-one name="problem" class="judge.bean.Problem" fetch="select">
            <column name="C_PROBLEM_ID" />
        </many-to-one>
        <many-to-one name="contest" class="judge.bean.Contest" fetch="select">
            <column name="C_CONTEST_ID" />
        </many-to-one>
        <many-to-one name="description" class="judge.bean.Description" fetch="select">
            <column name="C_DESCRIPTION_ID" />
        </many-to-one>

    </class>
</hibernate-mapping>
