<?xml version="1.0" encoding="UTF-8"?>
<!DOCTYPE hibernate-mapping PUBLIC "-//Hibernate/Hibernate Mapping DTD 3.0//EN"
"http://www.hibernate.org/dtd/hibernate-mapping-3.0.dtd">
<!--
    Mapping file autogenerated by MyEclipse Persistence Tools
-->
<hibernate-mapping>
    <class name="judge.bean.Description" table="t_description">
        <id name="id" type="java.lang.Integer">
            <column name="C_ID"/>
            <generator class="native" />
        </id>
        <property name="description" type="java.lang.String">
            <column name="C_DESCRIPTION" />
        </property>
        <property name="input" type="java.lang.String">
            <column name="C_INPUT" />
        </property>
        <property name="output" type="java.lang.String">
            <column name="C_OUTPUT" />
        </property>
        <property name="sampleInput" type="java.lang.String">
            <column name="C_SAMPLEINPUT" />
        </property>
        <property name="sampleOutput" type="java.lang.String">
            <column name="C_SAMPLEOUTPUT" />
        </property>
        <property name="hint" type="java.lang.String">
            <column name="C_HINT" />
        </property>
        <property name="updateTime" type="java.sql.Timestamp">
            <column name="C_UPDATE_TIME" />
        </property>
        <property name="author" type="java.lang.String">
            <column name="C_AUTHOR" />
        </property>
        <property name="remarks" type="java.lang.String">
            <column name="C_REMARKS" />
        </property>
        <property name="vote" type="java.lang.Integer">
            <column name="C_VOTE" />
        </property>

        <many-to-one name="problem" class="judge.bean.Problem" fetch="select">
            <column name="C_PROBLEM_ID" />
        </many-to-one>
        <set name="cproblems" lazy="true" inverse="true">
            <key>
                <column name="C_DESCRIPTION_ID" />
            </key>
            <one-to-many class="judge.bean.Cproblem" />
        </set>
    </class>
</hibernate-mapping>
