<?xml version="1.0" encoding="UTF-8"?>
<!DOCTYPE hibernate-mapping PUBLIC "-//Hibernate/Hibernate Mapping DTD 3.0//EN"
"http://www.hibernate.org/dtd/hibernate-mapping-3.0.dtd">
<!--
    Mapping file autogenerated by MyEclipse Persistence Tools
-->
<hibernate-mapping>
    <class name="judge.bean.Problem" table="t_problem">
        <id name="id" type="java.lang.Integer">
            <column name="C_ID"/>
            <generator class="native" />
        </id>
        <property name="title" type="java.lang.String">
            <column name="C_TITLE" />
        </property>
        <property name="source" type="java.lang.String">
            <column name="C_SOURCE" />
        </property>
        <property name="url" type="java.lang.String">
            <column name="C_URL" />
        </property>
        <property name="originOJ" type="java.lang.String">
            <column name="C_originOJ" />
        </property>
        <property name="originProb" type="java.lang.String">
            <column name="C_originProb" />
        </property>
        <property name="memoryLimit" type="java.lang.Integer">
            <column name="C_MEMORYLIMIT" precision="10" scale="0"/>
        </property>
        <property name="timeLimit" type="java.lang.Integer">
            <column name="C_TIMELIMIT" precision="10" scale="0"/>
        </property>
        <property name="triggerTime" type="java.sql.Timestamp">
            <column name="C_TRIGGER_TIME" />
        </property>

        <set name="descriptions" lazy="true" inverse="true" sort="judge.tool.DescriptionComparator">
            <key>
                <column name="C_PROBLEM_ID" />
            </key>
            <one-to-many class="judge.bean.Description" />
        </set>
        <set name="submissions" lazy="true" inverse="true">
            <key>
                <column name="C_PROBLEM_ID" />
            </key>
            <one-to-many class="judge.bean.Submission" />
        </set>
        <set name="cproblems" lazy="true" inverse="true">
            <key>
                <column name="C_PROBLEM_ID" />
            </key>
            <one-to-many class="judge.bean.Cproblem" />
        </set>

    </class>
</hibernate-mapping>
