<?xml version="1.0" encoding="UTF-8"?>
<!DOCTYPE hibernate-mapping PUBLIC "-//Hibernate/Hibernate Mapping DTD 3.0//EN"
"http://www.hibernate.org/dtd/hibernate-mapping-3.0.dtd">
<!--
    Mapping file autogenerated by MyEclipse Persistence Tools
-->
<hibernate-mapping>
    <class name="judge.bean.ReplayStatus" table="t_replay_status" >
        <id name="id" type="java.lang.Integer">
            <column name="C_ID"/>
            <generator class="native" />
        </id>
        <property name="data" type="java.lang.String">
            <column name="C_DATA" />
        </property>
        <set name="contests" lazy="true" inverse="true">
            <key>
                <column name="C_REPLAY_STATUS_ID" />
            </key>
            <one-to-many class="judge.bean.Contest" />
        </set>
    </class>
</hibernate-mapping>
