<?xml version="1.0" encoding="UTF-8"?>
<!DOCTYPE hibernate-mapping PUBLIC "-//Hibernate/Hibernate Mapping DTD 3.0//EN"
"http://www.hibernate.org/dtd/hibernate-mapping-3.0.dtd">
<!--
    Mapping file autogenerated by MyEclipse Persistence Tools
-->
<hibernate-mapping>
    <class name="judge.bean.Submission" table="t_submission">
        <id name="id" type="java.lang.Integer">
            <column name="C_ID"/>
            <generator class="native" />
        </id>
        <property name="status" type="java.lang.String">
            <column name="C_STATUS" />
        </property>
        <property name="statusCanonical" type="java.lang.String">
            <column name="C_STATUS_CANONICAL" />
        </property>
           <property name="additionalInfo" type="java.lang.String">
            <column name="C_ADDITIONAL_INFO" />
        </property>
        <property name="realRunId" type="java.lang.String">
            <column name="C_REAL_RUNID" />
        </property>
        <property name="time" type="java.lang.Integer">
            <column name="C_TIME" precision="10" scale="0"/>
        </property>
        <property name="memory" type="java.lang.Integer">
            <column name="C_MEMORY" precision="10" scale="0"/>
        </property>
        <property name="language" type="java.lang.String">
            <column name="C_LANGUAGE" />
        </property>
        <property name="source" type="java.lang.String">
            <column name="C_SOURCE" />
        </property>
        <property name="subTime" type="java.sql.Timestamp">
            <column name="C_SUBTIME" />
        </property>
        <property name="isOpen" type="java.lang.Integer">
            <column name="C_ISOPEN" precision="10" scale="0"/>
        </property>
        <property name="dispLanguage" type="java.lang.String">
            <column name="C_DISP_LANGUAGE" />
        </property>
        <property name="username" type="java.lang.String">
            <column name="C_USERNAME" />
        </property>
        <property name="originOJ" type="java.lang.String">
            <column name="C_ORIGIN_OJ" />
        </property>
        <property name="originProb" type="java.lang.String">
            <column name="C_ORIGIN_PROB" />
        </property>
        <property name="remoteAccountId" type="java.lang.String">
            <column name="C_REMOTE_ACCOUNT_ID" />
        </property>
        <property name="remoteSubmitTime" type="java.sql.Timestamp">
            <column name="C_REMOTE_SUBMIT_TIME" />
        </property>
        <property name="queryCount" type="java.lang.Integer">
            <column name="C_QUERY_COUNT" />
        </property>
        <property name="statusUpdateTime" type="java.sql.Timestamp">
            <column name="C_STATUS_UPDATE_TIME" />
        </property>
        <property name="isPrivate" type="java.lang.Integer">
            <column name="C_IS_PRIVATE" />
        </property>
        <property name="languageCanonical" type="java.lang.String">
            <column name="C_LANGUAGE_CANONICAL" />
        </property>
        <property name="contestNum" type="java.lang.String">
            <column name="C_CONTEST_NUM" />
        </property>

        <many-to-one name="user" class="judge.bean.User" fetch="select">
            <column name="C_USER_ID" />
        </many-to-one>
        <many-to-one name="problem" class="judge.bean.Problem" fetch="select">
            <column name="C_PROBLEM_ID" />
        </many-to-one>
        <many-to-one name="contest" class="judge.bean.Contest" fetch="select">
            <column name="C_CONTEST_ID" />
        </many-to-one>

    </class>
</hibernate-mapping>
