<?xml version="1.0" encoding="UTF-8"?>
<!DOCTYPE hibernate-mapping PUBLIC "-//Hibernate/Hibernate Mapping DTD 3.0//EN"
"http://www.hibernate.org/dtd/hibernate-mapping-3.0.dtd">
<!--
    Mapping file autogenerated by MyEclipse Persistence Tools
-->
<hibernate-mapping>
    <class name="judge.bean.UserSession" table="t_user_session">
        <id name="id" type="java.lang.Integer">
            <column name="C_ID"/>
            <generator class="native" />
        </id>
        <property name="arriveTime" type="java.sql.Timestamp">
            <column name="C_ARRIVE_TIME" />
        </property>

        <property name="loginTime" type="java.sql.Timestamp">
            <column name="C_LOGIN_TIME" />
        </property>

        <property name="leaveTime" type="java.sql.Timestamp">
            <column name="C_LEAVE_TIME" />
        </property>

        <property name="userAgent" type="java.lang.String">
            <column name="C_USER_AGENT" />
        </property>

        <property name="referer" type="java.lang.String">
            <column name="C_REFERER" />
        </property>

        <property name="ip" type="java.lang.String">
            <column name="C_IP" />
        </property>

        <property name="loginSuccess" type="java.lang.Integer">
            <column name="C_LOGIN_SUCCESS" />
        </property>

        <many-to-one name="user" class="judge.bean.User" fetch="select">
            <column name="C_USER_ID" />
        </many-to-one>

    </class>
</hibernate-mapping>
