<?xml version="1.0" encoding="UTF-8"?>
<!DOCTYPE hibernate-mapping PUBLIC "-//Hibernate/Hibernate Mapping DTD 3.0//EN"
"http://www.hibernate.org/dtd/hibernate-mapping-3.0.dtd">
<!--
    Mapping file autogenerated by MyEclipse Persistence Tools
-->
<hibernate-mapping>
    <class name="judge.bean.User" table="t_user">
        <id name="id" type="java.lang.Integer">
            <column name="C_ID"/>
            <generator class="native" />
        </id>
        <property name="username" type="java.lang.String">
            <column name="C_USERNAME" />
        </property>
        <property name="password" type="java.lang.String">
            <column name="C_PASSWORD" />
        </property>
        <property name="nickname" type="java.lang.String">
            <column name="C_NICKNAME" />
        </property>
        <property name="qq" type="java.lang.String">
            <column name="C_QQ" />
        </property>
        <property name="school" type="java.lang.String">
            <column name="C_SCHOOL" />
        </property>
        <property name="email" type="java.lang.String">
            <column name="C_EMAIL" />
        </property>
        <property name="blog" type="java.lang.String">
            <column name="C_BLOG" />
        </property>
        <property name="share" type="java.lang.Integer">
            <column name="C_SHARE" precision="10" scale="0"/>
        </property>
        <property name="sup" type="java.lang.Integer">
            <column name="C_SUP" precision="10" scale="0"/>
        </property>

        <set name="submissions" lazy="true" inverse="true">
            <key>
                <column name="C_USER_ID" />
            </key>
            <one-to-many class="judge.bean.Submission" />
        </set>
        <set name="contests" lazy="true" inverse="true">
            <key>
                <column name="C_MANAGER_ID" />
            </key>
            <one-to-many class="judge.bean.Contest" />
        </set>


    </class>
</hibernate-mapping>
